                  epoch,         train/box_loss,         train/cls_loss,         train/dfl_loss,   metrics/precision(B),      metrics/recall(B),       metrics/mAP50(B),    metrics/mAP50-95(B),           val/box_loss,           val/cls_loss,           val/dfl_loss,                 lr/pg0,                 lr/pg1,                 lr/pg2
                      1,                 1.8455,                 6.7254,                 2.4927,                 0.0007,                 0.0921,                0.00047,                 0.0002,                 1.9173,                 6.4775,                 2.3053,                0.09703,                  3e-05,                  3e-05
                      2,                 1.3894,                 3.6147,                 1.7742,                 0.0077,                0.34222,                0.01269,                0.00701,                 2.2258,                 4.5476,                 2.6347,               0.093056,              5.614e-05,              5.614e-05
                      3,                 1.2866,                 2.8256,                 1.6079,                0.00381,                 0.3162,                0.00961,                0.00391,                 2.4472,                 4.0503,                 2.8924,               0.089066,              6.644e-05,              6.644e-05
                      4,                 1.1258,                 2.3675,                 1.5378,                0.00759,                0.56513,                 0.0363,                0.01764,                 2.0746,                 3.6703,                 2.5025,               0.085061,               6.09e-05,               6.09e-05
                      5,                 1.0776,                 2.1538,                 1.4565,                0.00973,                0.69738,                0.09061,                0.04796,                 1.9603,                 3.5142,                 2.4004,                0.08104,              3.952e-05,              3.952e-05
